Workbook

Sheet تعليمات
B2: قالب بيانات السنتر
B3: املا الشيتات بالترتيب ده، والسيستم هيتبني ويتملى منها مرة واحدة:
B4: 1) السنتر: بيانات السنتر الأساسية.
B5: 2) المدرسين: كل مدرس في صف، بكود مختلف (T01, T02...) واتفاقه مع السنتر.
B6: 3) الأسيستنتس: صف لكل أسيستنت مع كود مدرسه. المدرس ممكن يبقى ليه أكتر من أسيستنت.
B7: 4) القاعات: اسم كل قاعة وسعتها.
B8: 5) المجموعات: كل مجموعة في صف بكود مختلف (G01, G02...). اختار نظام الدفع (بالحصة / شهري) وفيه كويز وامتحان ولا لأ.
B9: 6) الطلاب: كل طالب في صف واحد بس حتى لو بياخد مع أكتر من مدرس. الكود رقم قصير (1001, 1002...).
B10: 7) الاشتراكات: صف لكل (طالب + مجموعة). الطالب اللي مع 3 مدرسين ياخد 3 صفوف.
B11: 8) الملخص: بيتحسب لوحده، متكتبش فيه.
B13: الألوان:
B14: أصفر = خانات إنت بتملاها
... B21: • ممكن تنسخ وتلصق من أي شيت قديم عندك، بس خلي كل معلومة في عمودها.

Sheet السنتر
A1: اسم السنتر | B1: سنتر هنداوي
A2: العنوان | B2: شارع الجمهورية - المنصورة
A3: رقم السنتر | B3: 0502222333
A4: اسم صاحب السنتر | B4: أ/ هنداوي
A5: رقم صاحب السنتر | B5: 01000000001
A6: الصفوف الدراسية (افصل بفاصلة) | B6: 3 إعدادي, 1 ثانوي, 2 ثانوي, 3 ثانوي

Sheet المدرسين
A1: كود المدرس | B1: اسم المدرس | C1: المادة | D1: رقم الموبايل | E1: نوع الاتفاق مع السنتر | F1: قيمة الاتفاق | G1: ملاحظات
A2: T01 | B2: أ/ محمد حسن | C2: فيزياء | D2: 01226018159 | E2: نسبة % | F2: 20
A3: T02 | B3: أ/ سامح فؤاد | C3: كيمياء | D3: 01086091390 | E3: مبلغ على كل طالب | F3: 10
A4: T03 | B4: أ/ هبة عادل | C4: رياضيات | D4: 01094821993 | E4: إيجار قاعة للحصة | F4: 300
A5: T04 | B5: أ/ إيهاب نبيل | C5: لغة عربية | D5: 01557975432 | E5: نسبة % | F5: 15
A6: T05 | B6: Mr. أشرف كمال | C6: لغة إنجليزية | D6: 01018625276 | E6: إيجار شهري | F6: 3000
A7: T06 | B7: د/ رانيا سمير | C7: أحياء | D7: 01511471049 | E7: نسبة % | F7: 25

Sheet الأسيستنتس
A1: كود المدرس | B1: اسم المدرس | C1: اسم الأسيستنت | D1: رقم الأسيستنت
A2: T01 | B2: =IF(A2="","",IFERROR(INDEX('المدرسين'!$B:$B,MATCH(A2,'المدرسين'!$A:$A,0)),"كود غلط")) | C2: أحمد علي | D2: 01083016613
A3: T02 | B3: =IF(A3="","",IFERROR(INDEX('المدرسين'!$B:$B,MATCH(A3,'المدرسين'!$A:$A,0)),"كود غلط")) | C3: كريم سعيد | D3: 01503082462
A4: T03 | B4: =IF(A4="","",IFERROR(INDEX('المدرسين'!$B:$B,MATCH(A4,'المدرسين'!$A:$A,0)),"كود غلط")) | C4: منة خالد | D4: 01218190937
A5: T04 | B5: =IF(A5="","",IFERROR(INDEX('المدرسين'!$B:$B,MATCH(A5,'المدرسين'!$A:$A,0)),"كود غلط")) | C5: محمود طه | D5: 01119487574
A6: T05 | B6: =IF(A6="","",IFERROR(INDEX('المدرسين'!$B:$B,MATCH(A6,'المدرسين'!$A:$A,0)),"كود غلط")) | C6: سلمى رأفت | D6: 01018955597
A7: T06 | B7: =IF(A7="","",IFERROR(INDEX('المدرسين'!$B:$B,MATCH(A7,'المدرسين'!$A:$A,0)),"كود غلط")) | C7: يوسف حمدي | D7: 01546507529
B8: =IF(A8="","",IFERROR(INDEX('المدرسين'!$B:$B,MATCH(A8,'المدرسين'!$A:$A,0)),"كود غلط"))
B9: =IF(A9="","",IFERROR(INDEX('المدرسين'!$B:$B,MATCH(A9,'المدرسين'!$A:$A,0)),"كود غلط"))
B10: =IF(A10="","",IFERROR(INDEX('المدرسين'!$B:$B,MATCH(A10,'المدرسين'!$A:$A,0)),"كود غلط"))
B11: =IF(A11="","",IFERROR(INDEX('المدرسين'!$B:$B,MATCH(A11,'المدرسين'!$A:$A,0)),"كود غلط"))
B12: =IF(A12="","",IFERROR(INDEX('المدرسين'!$B:$B,MATCH(A12,'المدرسين'!$A:$A,0)),"كود غلط"))
B13: =IF(A13="","",IFERROR(INDEX('المدرسين'!$B:$B,MATCH(A13,'المدرسين'!$A:$A,0)),"كود غلط"))
B14: =IF(A14="","",IFERROR(INDEX('المدرسين'!$B:$B,MATCH(A14,'المدرسين'!$A:$A,0)),"كود غلط"))
B15: =IF(A15="","",IFERROR(INDEX('المدرسين'!$B:$B,MATCH(A15,'المدرسين'!$A:$A,0)),"كود غلط"))
B16: =IF(A16="","",IFERROR(INDEX('المدرسين'!$B:$B,MATCH(A16,'المدرسين'!$A:$A,0)),"كود غلط"))
B17: =IF(A17="","",IFERROR(INDEX('المدرسين'!$B:$B,MATCH(A17,'المدرسين'!$A:$A,0)),"كود غلط"))
B18: =IF(A18="","",IFERROR(INDEX('المدرسين'!$B:$B,MATCH(A18,'المدرسين'!$A:$A,0)),"كود غلط"))
B19: =IF(A19="","",IFERROR(INDEX('المدرسين'!$B:$B,MATCH(A19,'المدرسين'!$A:$A,0)),"كود غلط"))
... B1502: =IF(A1502="","",IFERROR(INDEX('المدرسين'!$B:$B,MATCH(A1502,'المدرسين'!$A:$A,0)),"كود غلط"))

Sheet القاعات
A1: اسم القاعة | B1: السعة (عدد الطلاب) | C1: ملاحظات
A2: قاعة 1 | B2: 80 | C2: بروجكتور
A3: قاعة 2 | B3: 60
A4: قاعة 3 | B4: 40
A5: قاعة 4 | B5: 30

Sheet المجموعات
A1: كود المجموعة | B1: كود المدرس | C1: اسم المدرس | D1: الصف | E1: اسم المجموعة | F1: اليوم | G1: اليوم التاني (لو فيه) | H1: الساعة | I1: القاعة | J1: سعر الحصة (ج) | K1: بنين / بنات | L1: نظام الدفع | M1: الاشتراك الشهري (ج) | N1: كويز | O1: امتحان | P1: عدد الطلاب
A2: G01 | B2: T01 | C2: =IF(B2="","",IFERROR(INDEX('المدرسين'!$B:$B,MATCH(B2,'المدرسين'!$A:$A,0)),"كود غلط")) | D2: 1 ثانوي | E2: مجموعة أ | F2: الأربعاء | G2: الثلاثاء | H2: 2:00 م | I2: قاعة 1 | J2: 60 | K2: مختلط | L2: بالحصة | M2: 220 | N2: أيوه | O2: لأ | P2: =IF(A2="","",COUNTIF('الاشتراكات'!$B:$B,A2))
A3: G02 | B3: T01 | C3: =IF(B3="","",IFERROR(INDEX('المدرسين'!$B:$B,MATCH(B3,'المدرسين'!$A:$A,0)),"كود غلط")) | D3: 2 ثانوي | E3: مجموعة أ | F3: الخميس | H3: 8:00 م | I3: قاعة 4 | J3: 70 | K3: مختلط | L3: بالحصة | M3: 260 | N3: أيوه | O3: لأ | P3: =IF(A3="","",COUNTIF('الاشتراكات'!$B:$B,A3))
A4: G03 | B4: T01 | C4: =IF(B4="","",IFERROR(INDEX('المدرسين'!$B:$B,MATCH(B4,'المدرسين'!$A:$A,0)),"كود غلط")) | D4: 3 ثانوي | E4: مجموعة أ | F4: الثلاثاء | G4: السبت | H4: 4:00 م | I4: قاعة 1 | J4: 80 | K4: بنين | L4: بالحصة | M4: 300 | N4: أيوه | O4: أيوه | P4: =IF(A4="","",COUNTIF('الاشتراكات'!$B:$B,A4))
A5: G04 | B5: T01 | C5: =IF(B5="","",IFERROR(INDEX('المدرسين'!$B:$B,MATCH(B5,'المدرسين'!$A:$A,0)),"كود غلط")) | D5: 3 ثانوي | E5: مجموعة ب | F5: السبت | G5: الأحد | H5: 8:00 م | I5: قاعة 4 | J5: 80 | K5: بنات | L5: بالحصة | M5: 300 | N5: أيوه | O5: أيوه | P5: =IF(A5="","",COUNTIF('الاشتراكات'!$B:$B,A5))
A6: G05 | B6: T02 | C6: =IF(B6="","",IFERROR(INDEX('المدرسين'!$B:$B,MATCH(B6,'المدرسين'!$A:$A,0)),"كود غلط")) | D6: 2 ثانوي | E6: مجموعة أ | F6: الخميس | H6: 4:00 م | I6: قاعة 4 | J6: 70 | K6: مختلط | L6: شهري | M6: 260 | N6: أيوه | O6: لأ | P6: =IF(A6="","",COUNTIF('الاشتراكات'!$B:$B,A6))
A7: G06 | B7: T02 | C7: =IF(B7="","",IFERROR(INDEX('المدرسين'!$B:$B,MATCH(B7,'المدرسين'!$A:$A,0)),"كود غلط")) | D7: 3 ثانوي | E7: مجموعة أ | F7: الأربعاء | G7: السبت | H7: 6:00 م | I7: قاعة 4 | J7: 80 | K7: بنين | L7: شهري | M7: 300 | N7: أيوه | O7: لأ | P7: =IF(A7="","",COUNTIF('الاشتراكات'!$B:$B,A7))
A8: G07 | B8: T02 | C8: =IF(B8="","",IFERROR(INDEX('المدرسين'!$B:$B,MATCH(B8,'المدرسين'!$A:$A,0)),"كود غلط")) | D8: 3 ثانوي | E8: مجموعة ب | F8: الثلاثاء | G8: السبت | H8: 6:00 م | I8: قاعة 1 | J8: 80 | K8: بنات | L8: شهري | M8: 300 | N8: أيوه | O8: لأ | P8: =IF(A8="","",COUNTIF('الاشتراكات'!$B:$B,A8))
A9: G08 | B9: T03 | C9: =IF(B9="","",IFERROR(INDEX('المدرسين'!$B:$B,MATCH(B9,'المدرسين'!$A:$A,0)),"كود غلط")) | D9: 3 إعدادي | E9: مجموعة أ | F9: الثلاثاء | H9: 6:00 م | I9: قاعة 3 | J9: 50 | K9: مختلط | L9: بالحصة | M9: 180 | N9: أيوه | O9: لأ | P9: =IF(A9="","",COUNTIF('الاشتراكات'!$B:$B,A9))
A10: G09 | B10: T03 | C10: =IF(B10="","",IFERROR(INDEX('المدرسين'!$B:$B,MATCH(B10,'المدرسين'!$A:$A,0)),"كود غلط")) | D10: 1 ثانوي | E10: مجموعة أ | F10: الخميس | H10: 8:00 م | I10: قاعة 2 | J10: 60 | K10: مختلط | L10: بالحصة | M10: 220 | N10: أيوه | O10: لأ | P10: =IF(A10="","",COUNTIF('الاشتراكات'!$B:$B,A10))
A11: G10 | B11: T03 | C11: =IF(B11="","",IFERROR(INDEX('المدرسين'!$B:$B,MATCH(B11,'المدرسين'!$A:$A,0)),"كود غلط")) | D11: 2 ثانوي | E11: مجموعة أ | F11: الخميس | H11: 8:00 م | I11: قاعة 1 | J11: 70 | K11: مختلط | L11: بالحصة | M11: 260 | N11: أيوه | O11: لأ | P11: =IF(A11="","",COUNTIF('الاشتراكات'!$B:$B,A11))
A12: G11 | B12: T03 | C12: =IF(B12="","",IFERROR(INDEX('المدرسين'!$B:$B,MATCH(B12,'المدرسين'!$A:$A,0)),"كود غلط")) | D12: 3 ثانوي | E12: مجموعة أ | F12: الثلاثاء | G12: الأحد | H12: 6:00 م | I12: قاعة 4 | J12: 80 | K12: بنين | L12: بالحصة | M12: 300 | N12: أيوه | O12: لأ | P12: =IF(A12="","",COUNTIF('الاشتراكات'!$B:$B,A12))
A13: G12 | B13: T03 | C13: =IF(B13="","",IFERROR(INDEX('المدرسين'!$B:$B,MATCH(B13,'المدرسين'!$A:$A,0)),"كود غلط")) | D13: 3 ثانوي | E13: مجموعة ب | F13: الاثنين | G13: السبت | H13: 4:00 م | I13: قاعة 2 | J13: 80 | K13: بنات | L13: بالحصة | M13: 300 | N13: أيوه | O13: لأ | P13: =IF(A13="","",COUNTIF('الاشتراكات'!$B:$B,A13))
A14: G13 | B14: T04 | C14: =IF(B14="","",IFERROR(INDEX('المدرسين'!$B:$B,MATCH(B14,'المدرسين'!$A:$A,0)),"كود غلط")) | D14: 3 إعدادي | E14: مجموعة أ | F14: الأربعاء | H14: 4:00 م | I14: قاعة 2 | J14: 50 | K14: مختلط | L14: بالحصة | M14: 180 | N14: أيوه | O14: لأ | P14: =IF(A14="","",COUNTIF('الاشتراكات'!$B:$B,A14))
A15: G14 | B15: T04 | C15: =IF(B15="","",IFERROR(INDEX('المدرسين'!$B:$B,MATCH(B15,'المدرسين'!$A:$A,0)),"كود غلط")) | D15: 1 ثانوي | E15: مجموعة أ | F15: الخميس | H15: 6:00 م | I15: قاعة 2 | J15: 60 | K15: مختلط | L15: بالحصة | M15: 220 | N15: أيوه | O15: لأ | P15: =IF(A15="","",COUNTIF('الاشتراكات'!$B:$B,A15))
A16: G15 | B16: T04 | C16: =IF(B16="","",IFERROR(INDEX('المدرسين'!$B:$B,MATCH(B16,'المدرسين'!$A:$A,0)),"كود غلط")) | D16: 2 ثانوي | E16: مجموعة أ | F16: الخميس | H16: 4:00 م | I16: قاعة 1 | J16: 70 | K16: مختلط | L16: بالحصة | M16: 260 | N16: أيوه | O16: لأ | P16: =IF(A16="","",COUNTIF('الاشتراكات'!$B:$B,A16))
A17: G16 | B17: T04 | C17: =IF(B17="","",IFERROR(INDEX('المدرسين'!$B:$B,MATCH(B17,'المدرسين'!$A:$A,0)),"كود غلط")) | D17: 3 ثانوي | E17: مجموعة أ | F17: الخميس | G17: السبت | H17: 2:00 م | I17: قاعة 4 | J17: 80 | K17: بنين | L17: بالحصة | M17: 300 | N17: أيوه | O17: لأ | P17: =IF(A17="","",COUNTIF('الاشتراكات'!$B:$B,A17))
A18: G17 | B18: T04 | C18: =IF(B18="","",IFERROR(INDEX('المدرسين'!$B:$B,MATCH(B18,'المدرسين'!$A:$A,0)),"كود غلط")) | D18: 3 ثانوي | E18: مجموعة ب | F18: الاثنين | G18: السبت | H18: 4:00 م | I18: قاعة 3 | J18: 80 | K18: بنات | L18: بالحصة | M18: 300 | N18: أيوه | O18: لأ | P18: =IF(A18="","",COUNTIF('الاشتراكات'!$B:$B,A18))
A19: G18 | B19: T05 | C19: =IF(B19="","",IFERROR(INDEX('المدرسين'!$B:$B,MATCH(B19,'المدرسين'!$A:$A,0)),"كود غلط")) | D19: 1 ثانوي | E19: مجموعة أ | F19: السبت | H19: 2:00 م | I19: قاعة 3 | J19: 60 | K19: مختلط | L19: شهري | M19: 220 | N19: أيوه | O19: لأ | P19: =IF(A19="","",COUNTIF('الاشتراكات'!$B:$B,A19))
A20: G19 | B20: T05 | C20: =IF(B20="","",IFERROR(INDEX('المدرسين'!$B:$B,MATCH(B20,'المدرسين'!$A:$A,0)),"كود غلط")) | D20: 2 ثانوي | E20: مجموعة أ | F20: الأحد | H20: 6:00 م | I20: قاعة 1 | J20: 70 | K20: مختلط | L20: شهري | M20: 260 | N20: أيوه | O20: لأ | P20: =IF(A20="","",COUNTIF('الاشتراكات'!$B:$B,A20))
A21: G20 | B21: T05 | C21: =IF(B21="","",IFERROR(INDEX('المدرسين'!$B:$B,MATCH(B21,'المدرسين'!$A:$A,0)),"كود غلط")) | D21: 3 ثانوي | E21: مجموعة أ | F21: الثلاثاء | G21: الأحد | H21: 4:00 م | I21: قاعة 3 | J21: 80 | K21: بنين | L21: شهري | M21: 300 | N21: أيوه | O21: لأ | P21: =IF(A21="","",COUNTIF('الاشتراكات'!$B:$B,A21))
A22: G21 | B22: T05 | C22: =IF(B22="","",IFERROR(INDEX('المدرسين'!$B:$B,MATCH(B22,'المدرسين'!$A:$A,0)),"كود غلط")) | D22: 3 ثانوي | E22: مجموعة ب | F22: الأربعاء | G22: الاثنين | H22: 8:00 م | I22: قاعة 4 | J22: 80 | K22: بنات | L22: شهري | M22: 300 | N22: أيوه | O22: لأ | P22: =IF(A22="","",COUNTIF('الاشتراكات'!$B:$B,A22))
A23: G22 | B23: T06 | C23: =IF(B23="","",IFERROR(INDEX('المدرسين'!$B:$B,MATCH(B23,'المدرسين'!$A:$A,0)),"كود غلط")) | D23: 2 ثانوي | E23: مجموعة أ | F23: الاثنين | H23: 2:00 م | I23: قاعة 2 | J23: 70 | K23: مختلط | L23: بالحصة | M23: 260 | N23: أيوه | O23: لأ | P23: =IF(A23="","",COUNTIF('الاشتراكات'!$B:$B,A23))
A24: G23 | B24: T06 | C24: =IF(B24="","",IFERROR(INDEX('المدرسين'!$B:$B,MATCH(B24,'المدرسين'!$A:$A,0)),"كود غلط")) | D24: 3 ثانوي | E24: مجموعة أ | F24: الثلاثاء | G24: السبت | H24: 8:00 م | I24: قاعة 2 | J24: 80 | K24: بنين | L24: بالحصة | M24: 300 | N24: أيوه | O24: أيوه | P24: =IF(A24="","",COUNTIF('الاشتراكات'!$B:$B,A24))
A25: G24 | B25: T06 | C25: =IF(B25="","",IFERROR(INDEX('المدرسين'!$B:$B,MATCH(B25,'المدرسين'!$A:$A,0)),"كود غلط")) | D25: 3 ثانوي | E25: مجموعة ب | F25: الثلاثاء | G25: السبت | H25: 8:00 م | I25: قاعة 1 | J25: 80 | K25: بنات | L25: بالحصة | M25: 300 | N25: أيوه | O25: أيوه | P25: =IF(A25="","",COUNTIF('الاشتراكات'!$B:$B,A25))
C26: =IF(B26="","",IFERROR(INDEX('المدرسين'!$B:$B,MATCH(B26,'المدرسين'!$A:$A,0)),"كود غلط")) | P26: =IF(A26="","",COUNTIF('الاشتراكات'!$B:$B,A26))
C27: =IF(B27="","",IFERROR(INDEX('المدرسين'!$B:$B,MATCH(B27,'المدرسين'!$A:$A,0)),"كود غلط")) | P27: =IF(A27="","",COUNTIF('الاشتراكات'!$B:$B,A27))
C28: =IF(B28="","",IFERROR(INDEX('المدرسين'!$B:$B,MATCH(B28,'المدرسين'!$A:$A,0)),"كود غلط")) | P28: =IF(A28="","",COUNTIF('الاشتراكات'!$B:$B,A28))
C29: =IF(B29="","",IFERROR(INDEX('المدرسين'!$B:$B,MATCH(B29,'المدرسين'!$A:$A,0)),"كود غلط")) | P29: =IF(A29="","",COUNTIF('الاشتراكات'!$B:$B,A29))
C30: =IF(B30="","",IFERROR(INDEX('المدرسين'!$B:$B,MATCH(B30,'المدرسين'!$A:$A,0)),"كود غلط")) | P30: =IF(A30="","",COUNTIF('الاشتراكات'!$B:$B,A30))
C31: =IF(B31="","",IFERROR(INDEX('المدرسين'!$B:$B,MATCH(B31,'المدرسين'!$A:$A,0)),"كود غلط")) | P31: =IF(A31="","",COUNTIF('الاشتراكات'!$B:$B,A31))
C32: =IF(B32="","",IFERROR(INDEX('المدرسين'!$B:$B,MATCH(B32,'المدرسين'!$A:$A,0)),"كود غلط")) | P32: =IF(A32="","",COUNTIF('الاشتراكات'!$B:$B,A32))
C33: =IF(B33="","",IFERROR(INDEX('المدرسين'!$B:$B,MATCH(B33,'المدرسين'!$A:$A,0)),"كود غلط")) | P33: =IF(A33="","",COUNTIF('الاشتراكات'!$B:$B,A33))
C34: =IF(B34="","",IFERROR(INDEX('المدرسين'!$B:$B,MATCH(B34,'المدرسين'!$A:$A,0)),"كود غلط")) | P34: =IF(A34="","",COUNTIF('الاشتراكات'!$B:$B,A34))
C35: =IF(B35="","",IFERROR(INDEX('المدرسين'!$B:$B,MATCH(B35,'المدرسين'!$A:$A,0)),"كود غلط")) | P35: =IF(A35="","",COUNTIF('الاشتراكات'!$B:$B,A35))
C36: =IF(B36="","",IFERROR(INDEX('المدرسين'!$B:$B,MATCH(B36,'المدرسين'!$A:$A,0)),"كود غلط")) | P36: =IF(A36="","",COUNTIF('الاشتراكات'!$B:$B,A36))
C37: =IF(B37="","",IFERROR(INDEX('المدرسين'!$B:$B,MATCH(B37,'المدرسين'!$A:$A,0)),"كود غلط")) | P37: =IF(A37="","",COUNTIF('الاشتراكات'!$B:$B,A37))
... C1502: =IF(B1502="","",IFERROR(INDEX('المدرسين'!$B:$B,MATCH(B1502,'المدرسين'!$A:$A,0)),"كود غلط")) | P1502: =IF(A1502="","",COUNTIF('الاشتراكات'!$B:$B,A1502))

Sheet الطلاب
A1: كود الطالب | B1: اسم الطالب (رباعي) | C1: النوع | D1: الصف | E1: رقم الطالب | F1: اسم ولي الأمر | G1: رقم ولي الأمر | H1: المدرسة | I1: ملاحظات | J1: عدد المجموعات
A2: 1001 | B2: عمر حسين إسلام سليمان | C2: ذكر | D2: 3 ثانوي | E2: 01180385280 | F2: حسين رضوان | G2: 01214852538 | H2: مدرسة الفاروق | J2: =IF(A2="","",COUNTIF('الاشتراكات'!$A:$A,A2))
A3: 1002 | B3: حبيبة السيد إسلام سليمان | C3: أنثى | D3: 3 ثانوي | E3: 01239575513 | F3: حسين رضوان | G3: 01214852538 | H3: مدرسة الأورمان | J3: =IF(A3="","",COUNTIF('الاشتراكات'!$A:$A,A3))
A4: 1003 | B4: رحمة ناصر محمود النجار | C4: أنثى | D4: 3 ثانوي | E4: 01120297299 | F4: ناصر سليمان | G4: 01228820018 | H4: مدرسة النصر | J4: =IF(A4="","",COUNTIF('الاشتراكات'!$A:$A,A4))
A5: 1004 | B5: ملك عبدالله مازن سليمان | C5: أنثى | D5: 3 ثانوي | E5: 01582828807 | F5: عبدالله النجار | G5: 01022279180 | H5: مدرسة الشهيد | J5: =IF(A5="","",COUNTIF('الاشتراكات'!$A:$A,A5))
A6: 1005 | B6: محمود ماجد طارق عيسى | C6: ذكر | D6: 1 ثانوي | E6: 01147887838 | F6: ماجد البنا | G6: 01172616751 | H6: مدرسة النصر | J6: =IF(A6="","",COUNTIF('الاشتراكات'!$A:$A,A6))
A7: 1006 | B7: ملك منصور سيف الشريف | C7: أنثى | D7: 3 ثانوي | E7: 01067232686 | F7: ماجد البنا | G7: 01172616751 | H7: مدرسة الأورمان | J7: =IF(A7="","",COUNTIF('الاشتراكات'!$A:$A,A7))
A8: 1007 | B8: نور رمضان عمر عثمان | C8: أنثى | D8: 1 ثانوي | E8: 01262889751 | F8: رمضان البنا | G8: 01026140141 | H8: مدرسة الفاروق | J8: =IF(A8="","",COUNTIF('الاشتراكات'!$A:$A,A8))
A9: 1008 | B9: ملك عبدالله علي عبدالعزيز | C9: أنثى | D9: 2 ثانوي | E9: 01140234483 | F9: عبدالله البنا | G9: 01582450400 | H9: مدرسة السلام الثانوية | J9: =IF(A9="","",COUNTIF('الاشتراكات'!$A:$A,A9))
A10: 1009 | B10: لوجين جمال علي الجمال | C10: أنثى | D10: 3 ثانوي | E10: 01126502014 | F10: جمال عثمان | G10: 01101684934 | H10: مدرسة السلام الثانوية | J10: =IF(A10="","",COUNTIF('الاشتراكات'!$A:$A,A10))
A11: 1010 | B11: فرح زكريا حسن الشريف | C11: أنثى | D11: 1 ثانوي | E11: 01220561748 | F11: جمال عثمان | G11: 01101684934 | H11: مدرسة السلام الثانوية | J11: =IF(A11="","",COUNTIF('الاشتراكات'!$A:$A,A11))
A12: 1011 | B12: جنى سمير عمر الشافعي | C12: أنثى | D12: 3 إعدادي | E12: 01582889093 | F12: سمير عبدالعزيز | G12: 01002516780 | H12: مدرسة السلام الثانوية | J12: =IF(A12="","",COUNTIF('الاشتراكات'!$A:$A,A12))
A13: 1012 | B13: خالد منصور إسلام الشريف | C13: ذكر | D13: 3 ثانوي | E13: 01137761740 | F13: منصور عيسى | G13: 01119254499 | H13: مدرسة النصر | J13: =IF(A13="","",COUNTIF('الاشتراكات'!$A:$A,A13))
... A421: 1420 | B421: أحمد سالم خالد عثمان | C421: ذكر | D421: 2 ثانوي | E421: 01020409386 | F421: سالم البنا | G421: 01255266981 | H421: مدرسة النصر | J421: =IF(A421="","",COUNTIF('الاشتراكات'!$A:$A,A421))
J422: =IF(A422="","",COUNTIF('الاشتراكات'!$A:$A,A422))
J423: =IF(A423="","",COUNTIF('الاشتراكات'!$A:$A,A423))
J424: =IF(A424="","",COUNTIF('الاشتراكات'!$A:$A,A424))
J425: =IF(A425="","",COUNTIF('الاشتراكات'!$A:$A,A425))
J426: =IF(A426="","",COUNTIF('الاشتراكات'!$A:$A,A426))
J427: =IF(A427="","",COUNTIF('الاشتراكات'!$A:$A,A427))
J428: =IF(A428="","",COUNTIF('الاشتراكات'!$A:$A,A428))
J429: =IF(A429="","",COUNTIF('الاشتراكات'!$A:$A,A429))
J430: =IF(A430="","",COUNTIF('الاشتراكات'!$A:$A,A430))
J431: =IF(A431="","",COUNTIF('الاشتراكات'!$A:$A,A431))
J432: =IF(A432="","",COUNTIF('الاشتراكات'!$A:$A,A432))
J433: =IF(A433="","",COUNTIF('الاشتراكات'!$A:$A,A433))
... J1502: =IF(A1502="","",COUNTIF('الاشتراكات'!$A:$A,A1502))

Sheet الاشتراكات
A1: كود الطالب | B1: كود المجموعة | C1: اسم الطالب | D1: المدرس | E1: المجموعة | F1: دين قديم (ج)
A2: 1001 | B2: G16 | C2: =IF(A2="","",IFERROR(INDEX('الطلاب'!$B:$B,MATCH(A2,'الطلاب'!$A:$A,0)),"كود غلط")) | D2: =IF(B2="","",IFERROR(INDEX('المجموعات'!$C:$C,MATCH(B2,'المجموعات'!$A:$A,0)),"كود غلط")) | E2: =IF(B2="","",IFERROR(INDEX('المجموعات'!$D:$D,MATCH(B2,'المجموعات'!$A:$A,0))&" - "&INDEX('المجموعات'!$E:$E,MATCH(B2,'المجموعات'!$A:$A,0)),"كود غلط")) | F2: 0
A3: 1001 | B3: G03 | C3: =IF(A3="","",IFERROR(INDEX('الطلاب'!$B:$B,MATCH(A3,'الطلاب'!$A:$A,0)),"كود غلط")) | D3: =IF(B3="","",IFERROR(INDEX('المجموعات'!$C:$C,MATCH(B3,'المجموعات'!$A:$A,0)),"كود غلط")) | E3: =IF(B3="","",IFERROR(INDEX('المجموعات'!$D:$D,MATCH(B3,'المجموعات'!$A:$A,0))&" - "&INDEX('المجموعات'!$E:$E,MATCH(B3,'المجموعات'!$A:$A,0)),"كود غلط")) | F3: 0
A4: 1002 | B4: G07 | C4: =IF(A4="","",IFERROR(INDEX('الطلاب'!$B:$B,MATCH(A4,'الطلاب'!$A:$A,0)),"كود غلط")) | D4: =IF(B4="","",IFERROR(INDEX('المجموعات'!$C:$C,MATCH(B4,'المجموعات'!$A:$A,0)),"كود غلط")) | E4: =IF(B4="","",IFERROR(INDEX('المجموعات'!$D:$D,MATCH(B4,'المجموعات'!$A:$A,0))&" - "&INDEX('المجموعات'!$E:$E,MATCH(B4,'المجموعات'!$A:$A,0)),"كود غلط")) | F4: 0
A5: 1002 | B5: G17 | C5: =IF(A5="","",IFERROR(INDEX('الطلاب'!$B:$B,MATCH(A5,'الطلاب'!$A:$A,0)),"كود غلط")) | D5: =IF(B5="","",IFERROR(INDEX('المجموعات'!$C:$C,MATCH(B5,'المجموعات'!$A:$A,0)),"كود غلط")) | E5: =IF(B5="","",IFERROR(INDEX('المجموعات'!$D:$D,MATCH(B5,'المجموعات'!$A:$A,0))&" - "&INDEX('المجموعات'!$E:$E,MATCH(B5,'المجموعات'!$A:$A,0)),"كود غلط")) | F5: 0
A6: 1002 | B6: G21 | C6: =IF(A6="","",IFERROR(INDEX('الطلاب'!$B:$B,MATCH(A6,'الطلاب'!$A:$A,0)),"كود غلط")) | D6: =IF(B6="","",IFERROR(INDEX('المجموعات'!$C:$C,MATCH(B6,'المجموعات'!$A:$A,0)),"كود غلط")) | E6: =IF(B6="","",IFERROR(INDEX('المجموعات'!$D:$D,MATCH(B6,'المجموعات'!$A:$A,0))&" - "&INDEX('المجموعات'!$E:$E,MATCH(B6,'المجموعات'!$A:$A,0)),"كود غلط")) | F6: 0
A7: 1003 | B7: G12 | C7: =IF(A7="","",IFERROR(INDEX('الطلاب'!$B:$B,MATCH(A7,'الطلاب'!$A:$A,0)),"كود غلط")) | D7: =IF(B7="","",IFERROR(INDEX('المجموعات'!$C:$C,MATCH(B7,'المجموعات'!$A:$A,0)),"كود غلط")) | E7: =IF(B7="","",IFERROR(INDEX('المجموعات'!$D:$D,MATCH(B7,'المجموعات'!$A:$A,0))&" - "&INDEX('المجموعات'!$E:$E,MATCH(B7,'المجموعات'!$A:$A,0)),"كود غلط")) | F7: 0
A8: 1003 | B8: G24 | C8: =IF(A8="","",IFERROR(INDEX('الطلاب'!$B:$B,MATCH(A8,'الطلاب'!$A:$A,0)),"كود غلط")) | D8: =IF(B8="","",IFERROR(INDEX('المجموعات'!$C:$C,MATCH(B8,'المجموعات'!$A:$A,0)),"كود غلط")) | E8: =IF(B8="","",IFERROR(INDEX('المجموعات'!$D:$D,MATCH(B8,'المجموعات'!$A:$A,0))&" - "&INDEX('المجموعات'!$E:$E,MATCH(B8,'المجموعات'!$A:$A,0)),"كود غلط")) | F8: 0
A9: 1004 | B9: G07 | C9: =IF(A9="","",IFERROR(INDEX('الطلاب'!$B:$B,MATCH(A9,'الطلاب'!$A:$A,0)),"كود غلط")) | D9: =IF(B9="","",IFERROR(INDEX('المجموعات'!$C:$C,MATCH(B9,'المجموعات'!$A:$A,0)),"كود غلط")) | E9: =IF(B9="","",IFERROR(INDEX('المجموعات'!$D:$D,MATCH(B9,'المجموعات'!$A:$A,0))&" - "&INDEX('المجموعات'!$E:$E,MATCH(B9,'المجموعات'!$A:$A,0)),"كود غلط")) | F9: 0
A10: 1004 | B10: G12 | C10: =IF(A10="","",IFERROR(INDEX('الطلاب'!$B:$B,MATCH(A10,'الطلاب'!$A:$A,0)),"كود غلط")) | D10: =IF(B10="","",IFERROR(INDEX('المجموعات'!$C:$C,MATCH(B10,'المجموعات'!$A:$A,0)),"كود غلط")) | E10: =IF(B10="","",IFERROR(INDEX('المجموعات'!$D:$D,MATCH(B10,'المجموعات'!$A:$A,0))&" - "&INDEX('المجموعات'!$E:$E,MATCH(B10,'المجموعات'!$A:$A,0)),"كود غلط")) | F10: 0
A11: 1005 | B11: G09 | C11: =IF(A11="","",IFERROR(INDEX('الطلاب'!$B:$B,MATCH(A11,'الطلاب'!$A:$A,0)),"كود غلط")) | D11: =IF(B11="","",IFERROR(INDEX('المجموعات'!$C:$C,MATCH(B11,'المجموعات'!$A:$A,0)),"كود غلط")) | E11: =IF(B11="","",IFERROR(INDEX('المجموعات'!$D:$D,MATCH(B11,'المجموعات'!$A:$A,0))&" - "&INDEX('المجموعات'!$E:$E,MATCH(B11,'المجموعات'!$A:$A,0)),"كود غلط")) | F11: 0
A12: 1005 | B12: G14 | C12: =IF(A12="","",IFERROR(INDEX('الطلاب'!$B:$B,MATCH(A12,'الطلاب'!$A:$A,0)),"كود غلط")) | D12: =IF(B12="","",IFERROR(INDEX('المجموعات'!$C:$C,MATCH(B12,'المجموعات'!$A:$A,0)),"كود غلط")) | E12: =IF(B12="","",IFERROR(INDEX('المجموعات'!$D:$D,MATCH(B12,'المجموعات'!$A:$A,0))&" - "&INDEX('المجموعات'!$E:$E,MATCH(B12,'المجموعات'!$A:$A,0)),"كود غلط")) | F12: 0
A13: 1006 | B13: G21 | C13: =IF(A13="","",IFERROR(INDEX('الطلاب'!$B:$B,MATCH(A13,'الطلاب'!$A:$A,0)),"كود غلط")) | D13: =IF(B13="","",IFERROR(INDEX('المجموعات'!$C:$C,MATCH(B13,'المجموعات'!$A:$A,0)),"كود غلط")) | E13: =IF(B13="","",IFERROR(INDEX('المجموعات'!$D:$D,MATCH(B13,'المجموعات'!$A:$A,0))&" - "&INDEX('المجموعات'!$E:$E,MATCH(B13,'المجموعات'!$A:$A,0)),"كود غلط")) | F13: 0
... A906: 1420 | B906: G22 | C906: =IF(A906="","",IFERROR(INDEX('الطلاب'!$B:$B,MATCH(A906,'الطلاب'!$A:$A,0)),"كود غلط")) | D906: =IF(B906="","",IFERROR(INDEX('المجموعات'!$C:$C,MATCH(B906,'المجموعات'!$A:$A,0)),"كود غلط")) | E906: =IF(B906="","",IFERROR(INDEX('المجموعات'!$D:$D,MATCH(B906,'المجموعات'!$A:$A,0))&" - "&INDEX('المجموعات'!$E:$E,MATCH(B906,'المجموعات'!$A:$A,0)),"كود غلط")) | F906: 0
C907: =IF(A907="","",IFERROR(INDEX('الطلاب'!$B:$B,MATCH(A907,'الطلاب'!$A:$A,0)),"كود غلط")) | D907: =IF(B907="","",IFERROR(INDEX('المجموعات'!$C:$C,MATCH(B907,'المجموعات'!$A:$A,0)),"كود غلط")) | E907: =IF(B907="","",IFERROR(INDEX('المجموعات'!$D:$D,MATCH(B907,'المجموعات'!$A:$A,0))&" - "&INDEX('المجموعات'!$E:$E,MATCH(B907,'المجموعات'!$A:$A,0)),"كود غلط"))
C908: =IF(A908="","",IFERROR(INDEX('الطلاب'!$B:$B,MATCH(A908,'الطلاب'!$A:$A,0)),"كود غلط")) | D908: =IF(B908="","",IFERROR(INDEX('المجموعات'!$C:$C,MATCH(B908,'المجموعات'!$A:$A,0)),"كود غلط")) | E908: =IF(B908="","",IFERROR(INDEX('المجموعات'!$D:$D,MATCH(B908,'المجموعات'!$A:$A,0))&" - "&INDEX('المجموعات'!$E:$E,MATCH(B908,'المجموعات'!$A:$A,0)),"كود غلط"))
C909: =IF(A909="","",IFERROR(INDEX('الطلاب'!$B:$B,MATCH(A909,'الطلاب'!$A:$A,0)),"كود غلط")) | D909: =IF(B909="","",IFERROR(INDEX('المجموعات'!$C:$C,MATCH(B909,'المجموعات'!$A:$A,0)),"كود غلط")) | E909: =IF(B909="","",IFERROR(INDEX('المجموعات'!$D:$D,MATCH(B909,'المجموعات'!$A:$A,0))&" - "&INDEX('المجموعات'!$E:$E,MATCH(B909,'المجموعات'!$A:$A,0)),"كود غلط"))
C910: =IF(A910="","",IFERROR(INDEX('الطلاب'!$B:$B,MATCH(A910,'الطلاب'!$A:$A,0)),"كود غلط")) | D910: =IF(B910="","",IFERROR(INDEX('المجموعات'!$C:$C,MATCH(B910,'المجموعات'!$A:$A,0)),"كود غلط")) | E910: =IF(B910="","",IFERROR(INDEX('المجموعات'!$D:$D,MATCH(B910,'المجموعات'!$A:$A,0))&" - "&INDEX('المجموعات'!$E:$E,MATCH(B910,'المجموعات'!$A:$A,0)),"كود غلط"))
C911: =IF(A911="","",IFERROR(INDEX('الطلاب'!$B:$B,MATCH(A911,'الطلاب'!$A:$A,0)),"كود غلط")) | D911: =IF(B911="","",IFERROR(INDEX('المجموعات'!$C:$C,MATCH(B911,'المجموعات'!$A:$A,0)),"كود غلط")) | E911: =IF(B911="","",IFERROR(INDEX('المجموعات'!$D:$D,MATCH(B911,'المجموعات'!$A:$A,0))&" - "&INDEX('المجموعات'!$E:$E,MATCH(B911,'المجموعات'!$A:$A,0)),"كود غلط"))
C912: =IF(A912="","",IFERROR(INDEX('الطلاب'!$B:$B,MATCH(A912,'الطلاب'!$A:$A,0)),"كود غلط")) | D912: =IF(B912="","",IFERROR(INDEX('المجموعات'!$C:$C,MATCH(B912,'المجموعات'!$A:$A,0)),"كود غلط")) | E912: =IF(B912="","",IFERROR(INDEX('المجموعات'!$D:$D,MATCH(B912,'المجموعات'!$A:$A,0))&" - "&INDEX('المجموعات'!$E:$E,MATCH(B912,'المجموعات'!$A:$A,0)),"كود غلط"))
C913: =IF(A913="","",IFERROR(INDEX('الطلاب'!$B:$B,MATCH(A913,'الطلاب'!$A:$A,0)),"كود غلط")) | D913: =IF(B913="","",IFERROR(INDEX('المجموعات'!$C:$C,MATCH(B913,'المجموعات'!$A:$A,0)),"كود غلط")) | E913: =IF(B913="","",IFERROR(INDEX('المجموعات'!$D:$D,MATCH(B913,'المجموعات'!$A:$A,0))&" - "&INDEX('المجموعات'!$E:$E,MATCH(B913,'المجموعات'!$A:$A,0)),"كود غلط"))
C914: =IF(A914="","",IFERROR(INDEX('الطلاب'!$B:$B,MATCH(A914,'الطلاب'!$A:$A,0)),"كود غلط")) | D914: =IF(B914="","",IFERROR(INDEX('المجموعات'!$C:$C,MATCH(B914,'المجموعات'!$A:$A,0)),"كود غلط")) | E914: =IF(B914="","",IFERROR(INDEX('المجموعات'!$D:$D,MATCH(B914,'المجموعات'!$A:$A,0))&" - "&INDEX('المجموعات'!$E:$E,MATCH(B914,'المجموعات'!$A:$A,0)),"كود غلط"))
C915: =IF(A915="","",IFERROR(INDEX('الطلاب'!$B:$B,MATCH(A915,'الطلاب'!$A:$A,0)),"كود غلط")) | D915: =IF(B915="","",IFERROR(INDEX('المجموعات'!$C:$C,MATCH(B915,'المجموعات'!$A:$A,0)),"كود غلط")) | E915: =IF(B915="","",IFERROR(INDEX('المجموعات'!$D:$D,MATCH(B915,'المجموعات'!$A:$A,0))&" - "&INDEX('المجموعات'!$E:$E,MATCH(B915,'المجموعات'!$A:$A,0)),"كود غلط"))
C916: =IF(A916="","",IFERROR(INDEX('الطلاب'!$B:$B,MATCH(A916,'الطلاب'!$A:$A,0)),"كود غلط")) | D916: =IF(B916="","",IFERROR(INDEX('المجموعات'!$C:$C,MATCH(B916,'المجموعات'!$A:$A,0)),"كود غلط")) | E916: =IF(B916="","",IFERROR(INDEX('المجموعات'!$D:$D,MATCH(B916,'المجموعات'!$A:$A,0))&" - "&INDEX('المجموعات'!$E:$E,MATCH(B916,'المجموعات'!$A:$A,0)),"كود غلط"))
C917: =IF(A917="","",IFERROR(INDEX('الطلاب'!$B:$B,MATCH(A917,'الطلاب'!$A:$A,0)),"كود غلط")) | D917: =IF(B917="","",IFERROR(INDEX('المجموعات'!$C:$C,MATCH(B917,'المجموعات'!$A:$A,0)),"كود غلط")) | E917: =IF(B917="","",IFERROR(INDEX('المجموعات'!$D:$D,MATCH(B917,'المجموعات'!$A:$A,0))&" - "&INDEX('المجموعات'!$E:$E,MATCH(B917,'المجموعات'!$A:$A,0)),"كود غلط"))
C918: =IF(A918="","",IFERROR(INDEX('الطلاب'!$B:$B,MATCH(A918,'الطلاب'!$A:$A,0)),"كود غلط")) | D918: =IF(B918="","",IFERROR(INDEX('المجموعات'!$C:$C,MATCH(B918,'المجموعات'!$A:$A,0)),"كود غلط")) | E918: =IF(B918="","",IFERROR(INDEX('المجموعات'!$D:$D,MATCH(B918,'المجموعات'!$A:$A,0))&" - "&INDEX('المجموعات'!$E:$E,MATCH(B918,'المجموعات'!$A:$A,0)),"كود غلط"))
... C1502: =IF(A1502="","",IFERROR(INDEX('الطلاب'!$B:$B,MATCH(A1502,'الطلاب'!$A:$A,0)),"كود غلط")) | D1502: =IF(B1502="","",IFERROR(INDEX('المجموعات'!$C:$C,MATCH(B1502,'المجموعات'!$A:$A,0)),"كود غلط")) | E1502: =IF(B1502="","",IFERROR(INDEX('المجموعات'!$D:$D,MATCH(B1502,'المجموعات'!$A:$A,0))&" - "&INDEX('المجموعات'!$E:$E,MATCH(B1502,'المجموعات'!$A:$A,0)),"كود غلط"))

Sheet الملخص
A1: عدد المدرسين | B1: =COUNTA('المدرسين'!A2:A1502)
A2: عدد القاعات | B2: =COUNTA('القاعات'!A2:A1502)
A3: عدد المجموعات | B3: =COUNTA('المجموعات'!A2:A1502)
A4: عدد الطلاب | B4: =COUNTA('الطلاب'!A2:A1502)
A5: عدد الاشتراكات | B5: =COUNTA('الاشتراكات'!A2:A1502)
A6: طلاب من غير مجموعة | B6: =COUNTIFS('الطلاب'!A2:A1502,"<>",'الطلاب'!J2:J1502,0)
A7: أكواد طلاب مكررة | B7: =SUMPRODUCT(('الطلاب'!A2:A1502<>"")*(COUNTIF('الطلاب'!A2:A1502,'الطلاب'!A2:A1502)>1))
A8: أكواد غلط في الاشتراكات | B8: =COUNTIF('الاشتراكات'!C2:E1502,"كود غلط")
